date,sha,backend,frontend,merged
2026-08-08 16:49,8ee0965,69,97,83
2026-08-08 16:57,6202397,69,97,83
2026-08-08 18:56,c45263c,69,96,82
2026-08-09 15:38,351a5f9,64,82,73
2026-08-09 20:55,95e7de8,63,83,73
2026-08-11 16:08,848e3c2,69,79,74
2026-08-12 16:46,f6ade0e,77,76,76
2026-08-13 17:47,be1e0d9,77,74,76
2026-08-15 16:41,0421d87,81,73,77
2026-08-16 16:10,e4760f8,83,71,77
2026-08-18 16:42,cbab9d3,84,70,77
2026-08-20 19:03,4e309ea,85,71,78
2026-08-20 19:04,2c6479d,85,71,78
2026-08-20 19:04,7cd320e,84,70,77
2026-08-20 19:46,86ee860,84,70,77
2026-08-22 16:41,70bf24d,86,70,78
2026-08-23 14:37,16f2af9,86,70,78
2026-08-24 18:47,8c32fd0,86,70,78
2026-08-25 17:41,f514dd1,86,70,78
2026-08-25 17:55,3963717,85,70,78
2026-08-26 18:56,c581197,85,70,78
2026-08-27 17:57,d90e74b,85,70,78
2026-08-27 18:24,5588348,85,70,78
2026-08-27 19:14,901b107,85,69,77
2026-08-27 19:37,ac12bca,85,69,77
2026-08-27 19:40,87e4234,85,69,77
2026-08-30 01:59,1017407,85,69,77
2026-08-30 02:13,4736a8b,85,69,77
2026-08-30 19:00,eebb063,86,69,77
2026-08-30 20:00,9b8027c,86,69,77
2026-08-30 20:02,9b0e6ea,86,69,77
2026-08-30 20:02,3e28a94,86,69,77
2026-08-30 20:03,0cab5a7,86,69,77
2026-08-30 20:03,d175615,86,69,77
2026-08-30 20:06,93e7401,86,69,77
2026-08-30 20:07,f9a02bc,86,69,77
2026-08-30 20:07,e2ce836,86,69,77
2026-08-30 20:09,01d78c1,86,69,77
2026-08-30 20:10,22ce829,86,69,77
2026-08-30 20:12,88d5f27,86,69,77
2026-08-30 20:13,5952988,86,69,77
2026-08-30 20:16,fb3303b,86,69,77
2026-08-30 20:18,3a33594,86,69,77
2026-08-30 21:04,e1fad0a,86,69,78
2026-08-30 21:54,6c2bfa7,86,69,78
2026-08-31 19:56,45f70c8,86,70,78
2026-09-02 01:59,6abded6,86,70,78
2026-09-02 02:02,1ce4a94,86,70,78
2026-09-02 15:30,e9b09c1,86,71,78
2026-09-06 15:12,a386f4f,86,71,78
2026-09-06 15:19,afc9f70,86,71,78
2026-09-06 15:21,7649971,86,71,78
2026-09-06 15:22,951f22e,86,71,78
2026-09-06 15:24,1bf6542,86,71,78
2026-09-06 15:27,eacaae9,86,71,78
2026-09-06 15:29,34b8f54,86,71,78
2026-09-06 15:32,8ebc928,86,71,78
2026-09-06 15:33,249787e,86,71,78
2026-09-06 18:28,73a55c2,86,71,78
